x,y,z,qw,qx,qy,qz,t
0.0,0.0,0.0,1.0,0.0,0.0,0.0,1678123076.6401026
0.05722663961358258,-0.0626052012612869,-0.005062076059068138,0.9999986481249887,0.0010963266133529376,-0.0007847953641345606,-0.0009412291901042415,1678123076.7409225
0.245310202487459,-0.09782930375329059,0.00039822531363941163,0.9999951354962862,0.0028998573937955704,-0.0008715694259704421,-0.0007484501290331043,1678123076.8400602
0.4456464348537651,-0.06161707508916786,-6.922970212446759e-05,0.9999967572048307,0.002293711490965536,0.00020169363146282926,0.0010880198057548064,1678123076.9406576
0.4914322707776183,-0.0038954788127954047,0.00578717045888073,0.9999998118364464,0.0004357107954123403,3.2564774332666246e-05,0.0004306073739497942,1678123077.0403042
0.6550065806158112,-0.04779529381201412,-0.004894173416469272,0.9999978478182057,0.0019575476756072446,0.0005288623032502215,0.0004389427287168018,1678123077.1403177
0.7672199280262487,-0.06136776540611635,-0.023194687138218283,0.9999973606131018,0.0022463200594645496,0.00029392292215257854,-0.00038265171747892655,1678123077.2403138
0.9378894403389534,-0.058884015501357696,-0.012855214720861607,0.9999942864694792,0.003223318033017655,-0.0005878470387389312,0.0008316760871213458,1678123077.3403802
1.0695328033362292,-0.033229842020337796,0.0023725088528972517,0.9999749515628596,0.006003055432688557,0.0035763355143078046,0.0011266750273618965,1678123077.4403996
1.2007655105685255,-0.055526883729392115,-0.014437320330223671,0.9999890579533114,0.0031456661903428674,0.002739894693524425,0.0021170108493662717,1678123077.540729
1.4015397689303546,-0.020363728425975253,0.009489049719355686,0.9999882644698191,0.0024507120311165883,0.003515886840867788,0.0022590867406357923,1678123077.6405315
1.5273288275259713,-0.03528025373627784,-0.012381672847634126,0.9999771251991361,0.002250965805148724,0.0057139070011693605,0.002834342639280473,1678123077.7401614
1.6341286293042505,-0.032601564502680674,-0.012788797153151885,0.9999733177638358,0.002218072985796597,0.006159060485316892,0.003241895518739025,1678123077.840521
1.791819686986426,-0.021969696899040637,-0.016462572075402256,0.9999489477324218,0.005303527495585834,0.007726107326608944,0.00377912562681451,1678123077.940317
1.9103987839465544,-0.02725308018090582,-0.05043674047658394,0.9999205914292464,0.007969109287011887,0.0076749327968845815,0.006033203089673019,1678123078.0400946
2.053698612198389,-0.021410409193846527,-0.014724387472272754,0.9998772528093345,0.012928896805602727,0.005696411287512415,0.006773022980312025,1678123078.140128
2.18096361395223,-0.051879580735903486,-0.02499797291026375,0.9997864368567919,0.017639495875280502,0.008582684395206597,0.00650126072684343,1678123078.2401664
2.3273113990280816,-0.06257518521362146,-0.00792348104504783,0.9998120220821709,0.015941168558411194,0.007187690529325441,0.008374768642053033,1678123078.340721
2.4569550587612556,-0.023772534976578087,0.011221280101520415,0.9998670504154381,0.012200954499135335,0.006765118257967995,0.008441053121351702,1678123078.4402647
2.5806082594927164,0.009861171046880715,-0.018675078176720022,0.9998736285767186,0.0098555687570937,0.00834790462223467,0.009268609912947118,1678123078.540714
2.7047312445065144,0.006123782398897576,-0.03379531282711967,0.9999164189343092,0.007257529311798385,0.006446746709418694,0.00853948890393717,1678123078.6400027
2.83245782866303,0.006869207504687832,-0.01750530340435976,0.9999178465278706,0.008548698760811563,0.004512347536100081,0.008417758863007874,1678123078.740457
3.000775649756529,0.022772286649948764,-0.038622202270756315,0.9998411215042216,0.011049808964413413,0.00923937811576625,0.010500826780036845,1678123078.8400986
3.101090159490287,0.003519447483398712,-0.06244974096024925,0.9998580783591747,0.009614033757775878,0.006709275312710483,0.012098723882344438,1678123078.9405017
3.2763650730110894,0.03567142691375497,-0.05886057761162017,0.9998099487836176,0.011557980618922659,0.007838917986957128,0.013602601299243544,1678123079.0400844
3.405581154499594,0.006575586097300572,-0.05257852621737489,0.9997422589481652,0.015505947421691788,0.006738755273530406,0.015151582265208215,1678123079.1405485
3.518275601433717,0.0024792345109276477,-0.04512017192202368,0.9997009781585825,0.01683913350149777,0.007440107138521945,0.01609480218766724,1678123079.2408617
3.6938985432727773,0.02602981299497287,-0.04014126438061367,0.9997069041169989,0.015689825247173567,0.008244198835723249,0.016491465370780396,1678123079.3408337
3.7877707443943587,0.029724649715140373,-0.04394217042144016,0.9997555393652555,0.01185159852834215,0.008950714493588086,0.016379433166753072,1678123079.4408991
3.9589112364570256,0.06568693764293872,-0.03784041085875063,0.9997831179747432,0.009349406885140491,0.008064188831982566,0.016771239133667373,1678123079.5413282
4.098507505253251,0.07134349410950949,-0.049271241957837164,0.999741188177244,0.010291576830291077,0.009393521918850567,0.017983377164999797,1678123079.640715
4.235848068493435,0.09392395465972582,-0.04250863941505075,0.9997676364687997,0.00725913362556954,0.007509276481810545,0.018857062743598146,1678123079.741312
4.374034168367946,0.11951965678384956,-0.06064654129373144,0.9997641925617483,0.003932131470464435,0.009455456268352314,0.019149202599894236,1678123079.840571
4.486649261856782,0.1400165045483237,-0.08260457002909512,0.999774711718732,0.0019355863316362428,0.008394201645069543,0.01939888378286367,1678123079.941105
4.650215682675817,0.15899743194267454,-0.054741773857749296,0.9997582608096458,-0.0007361633674313529,0.009140592107453105,0.01998318248663889,1678123080.0405655
4.763484133171086,0.17030478488546788,-0.1145820497273923,0.999754686717436,-0.0005089664945164144,0.006945491245852864,0.021025401089698564,1678123080.1419036
4.90500127718818,0.16814542462886878,-0.10069840752363048,0.99972741229592,0.0046324957717798,0.00744455709363856,0.021638383874678965,1678123080.2405832
5.0651467958879595,0.15289051491194944,-0.06558094960537293,0.9996354480277283,0.007044622975561045,0.010706029770060077,0.023763948747996966,1678123080.3403845
5.192015137486339,0.16507738631728897,-0.05975164743516003,0.9996027324259791,0.00429545322609205,0.0127462771651361,0.02476810098752545,1678123080.4419694
5.339710981175186,0.19243487227699024,-0.08360246724237869,0.9996190609940864,-0.0007115365162516514,0.013279770649181954,0.024184174672531013,1678123080.541247
5.469062408722164,0.22474579279020215,-0.09612117960119607,0.9996620223739789,-0.004326451235688269,0.01213544137664535,0.02257994476224656,1678123080.6414225
5.633166696820521,0.2505451064963863,-0.0930693407038479,0.9996812514121086,-0.0065988978696540435,0.010206472369859942,0.022128670176708585,1678123080.741323
5.75671251570081,0.2551611167971869,-0.11738496117396995,0.9996691125093317,-0.005798252685797552,0.01130566266330002,0.022365771892350016,1678123080.842896
5.895554903027264,0.25815729143069466,-0.09577501146727033,0.9996768847963752,-0.007440594618724547,0.009737796047053493,0.022269685307165853,1678123080.9409778
6.032699708651824,0.275786157993984,-0.11743448459024673,0.999633739222395,-0.008266048851239775,0.012583071825408965,0.022488355833148288,1678123081.0410671
6.177356852043625,0.26788456114599957,-0.1350588307378787,0.9996750545611471,-0.006346494736195085,0.010809400089379473,0.022196039341246733,1678123081.142352
6.306505302388888,0.284663916478338,-0.12486721326068326,0.9997008747698145,-0.005536813995999191,0.00920098886855425,0.02197376797642838,1678123081.2407966
6.447746703211541,0.2974890281716972,-0.1282857768123731,0.9997003912999449,-0.006555854732742348,0.009615238763062028,0.02153359205962019,1678123081.340788
6.575277981283433,0.3203951885868875,-0.12510324593930972,0.9996935645167158,-0.007417368360043426,0.008514623252326325,0.022028638209042592,1678123081.441229
6.734140511620112,0.332905509070702,-0.15309713568161884,0.9996509469370832,-0.007177929919509205,0.01096745925793674,0.022938536293523906,1678123081.5415907
6.8627756037589664,0.33557419052788773,-0.16275365105540984,0.999632618110612,-0.00658638719267517,0.010216572995929152,0.02422539884686375,1678123081.6410477
6.998205173465556,0.3425148472517172,-0.1480664071852008,0.9996579380974783,-0.005856284049871326,0.008556365935246113,0.024010400617397575,1678123081.7430627
7.155768227393458,0.33448166797664025,-0.1519002856413278,0.9996477175880216,-0.0058468081162500055,0.009673869860479578,0.02401399170970056,1678123081.8410783
7.289134432590501,0.3661215775341179,-0.15803055486984513,0.9996118312721566,-0.0060726659895705215,0.008981500958225364,0.025664024412430785,1678123081.941161
7.443262857196899,0.36177326911399116,-0.19370071802098254,0.9995965632221957,-0.0057689258816870925,0.009495970675496013,0.026139181882305906,1678123082.0411592
7.584833497736988,0.36801517901993097,-0.18069734501104306,0.9995876853256803,-0.0034919423494033444,0.009667266484627346,0.026810625553917854,1678123082.1413655
7.708773817466135,0.36630839926016406,-0.16663239648527556,0.9995928568804475,-0.0001371132493012583,0.009297572437245605,0.026975114834160745,1678123082.2424338
7.845263766582308,0.3714618185588564,-0.16544357804135107,0.9995773913587682,-1.639383878991132e-05,0.008952911298485189,0.027656532590392937,1678123082.342615
7.972597344716804,0.40398738619172647,-0.16835368079493784,0.9995502323280785,-0.0042733423977611125,0.008064987001414226,0.028566196496963587,1678123082.442521
8.116744758183389,0.43283895416938023,-0.17929390432511938,0.9994917979208363,-0.007623721327738053,0.006956053018501551,0.030160207036681156,1678123082.5415585
8.241316808438768,0.4481161725139286,-0.20478294641950381,0.999489184505212,-0.0074028724563000485,0.004837353898913932,0.03071103293213294,1678123082.6435575
8.370337261457015,0.44997743380669175,-0.202779696041126,0.9994691430780743,-0.006065356673404288,0.0047771553621026586,0.03165157610373411,1678123082.7423906
8.50210049450326,0.4772154528781033,-0.1896778556216252,0.9994796465306602,-0.006382085389424685,0.004355337126510039,0.03131670792952531,1678123082.8436203
8.649307010687158,0.508565833580793,-0.19886836433682709,0.9994393960611129,-0.008227742438877831,0.006555938645130821,0.03178391926491334,1678123082.9435277
8.777541670731868,0.5282542037586329,-0.22398498697595215,0.9994118681158969,-0.008668514378717934,0.006714064925824714,0.03249147672437357,1678123083.0431132
8.919490464883818,0.5017346536307341,-0.23287979163636985,0.9994859073190687,-0.0050872557490552655,0.003360888765777892,0.03147610722795319,1678123083.1431184
9.061712957509414,0.504928798963161,-0.21509289603735085,0.9994766388778711,-0.003699321322318585,0.0065294748452910945,0.031466320366261825,1678123083.2443192
9.181722606145465,0.5407566327349487,-0.17199092899208718,0.9994413982089584,-0.006503369182982848,0.004853259471683469,0.03241980271211255,1678123083.343021
9.298045963590827,0.5570257069523157,-0.20256089618285833,0.9994951575481497,-0.011136052372381572,0.003196418817898894,0.02958380100830669,1678123083.442341
9.4738266039898,0.6000148043667952,-0.2457475240497782,0.9995256857356527,-0.012074097697753049,0.004255421235283108,0.028009125469543077,1678123083.5425203
9.598233135671393,0.5799135931616523,-0.2509550110109006,0.9995182248698117,-0.009412805354345842,0.0032635307201716035,0.029395010047613433,1678123083.64297
9.741100920744158,0.5888206471585543,-0.23963533482347318,0.999510424869971,-0.007213375109264751,0.004935535609560504,0.030041942081521725,1678123083.7426944
9.844411400454028,0.5970697820113307,-0.22600158025934558,0.9995098105876928,-0.006923401426098555,0.004646940922925058,0.03017633164760636,1678123083.8425915
10.038499085187494,0.6095070304543441,-0.22097633231713268,0.9995051358434657,-0.007446835389030696,0.004823611100772784,0.03017881444278924,1678123083.9420736
10.17188597403275,0.62362214721434,-0.2599390860276439,0.9994795605836759,-0.008378206048659275,0.007034238235948065,0.030346880091831414,1678123084.041637
10.263396827799664,0.6152187820786357,-0.26397673691969414,0.9995504723808347,-0.00599646307765281,0.0037254701571656224,0.02913788712169334,1678123084.1424935
10.388647151581495,0.6313107219803635,-0.24968055155751878,0.9995473297974891,-0.00544819134473986,0.0005692030924208114,0.02958257449278021,1678123084.2423167
10.546571451024521,0.6411212241617679,-0.3020034144037125,0.9995280281983968,-0.0020089415540903133,0.004976624303863142,0.030247614950518604,1678123084.3434727
10.656715781182879,0.6419562975768615,-0.2612892763035163,0.9995118599907281,0.002438669327222244,0.0015761066503853227,0.03110643852347172,1678123084.445451
10.818069502834213,0.6628510674973408,-0.22177799967031397,0.9994956116151329,0.003121469321571101,0.0037150314670757467,0.03138434852860849,1678123084.532299
10.931101015042517,0.6477538991264464,-0.24986514615330288,0.9995261731196742,0.003147022357387732,0.006656779176231642,0.02988666575615083,1678123084.6323218
11.069826440475246,0.6742423294427159,-0.24851216070582555,0.9995485718589677,0.0007637348348687021,0.0031125662422077927,0.029872749039686366,1678123084.732644
11.217338692069672,0.7047862470556429,-0.24860337004200386,0.9995483265901189,-0.0001658590366703598,0.0028967125354529832,0.029911943403271437,1678123084.8328643
11.347917426789172,0.7061611559860187,-0.2979972789774015,0.9996072081323998,-0.001275752959434305,0.0023793404862704204,0.027895172395706675,1678123084.932511
11.452955847440437,0.71137761724026,-0.3009985082032637,0.9996189349069516,0.0014281628211429112,0.0014077473921473294,0.027531138257028843,1678123085.0323198
11.59241229883634,0.7009457610672113,-0.2572481413204397,0.9996076062666205,0.002341376202888562,0.003640485893656953,0.027674867910271038,1678123085.1322937
11.736525669714183,0.712972285802668,-0.2432186481253898,0.999613633540724,4.575690504791244e-05,0.004820508026050829,0.027374152921821323,1678123085.2327447
11.90495751219062,0.7650884950432835,-0.2464963738942368,0.9996227252372621,0.0001767771519405118,0.007368449669030497,0.02645906061337379,1678123085.3326857
12.026178158850122,0.7566197288234782,-0.2958595132109272,0.9996376963148991,3.6299647403493257e-06,0.005571106165992212,0.026333227473135972,1678123085.4331212
12.168893508950818,0.7674247830915383,-0.31568744371037205,0.9996648318688736,0.0020318100637612465,0.0039912703417031015,0.025498341779447653,1678123085.533086
12.295501961314983,0.7632031081441061,-0.28160935388047725,0.9996533608515341,0.005091394791047709,0.0036028510620322862,0.0255784147581213,1678123085.6331928
12.426853824625386,0.7824926968119537,-0.2843404415406553,0.9996210796443601,0.005249202474035621,0.007420282973541803,0.025982347942849992,1678123085.7331312
12.55844390076089,0.788487753893319,-0.2795985514830108,0.9996369636318243,0.004040370556534984,0.005550405228400002,0.026053969918470962,1678123085.8329914
12.714120270754494,0.8041258730977181,-0.27665404036913,0.9996737398102721,0.004535964247155672,0.004742020981329809,0.024685060241080282,1678123085.9327247
12.834227356646448,0.8074623168325793,-0.29631891557298823,0.9996864497117239,0.0049496183517942615,0.005925415140402013,0.023820012517930474,1678123086.034863
12.955482299228692,0.8240837650769472,-0.3076749942140995,0.9996706250373865,0.006745300178269575,0.0045091560635612815,0.024347687250762914,1678123086.1316037
13.096146012379776,0.8249429432145208,-0.31870417394165107,0.9996955951148272,0.005758729101427523,0.004292664044705075,0.023603541737354627,1678123086.2323403
13.219175653594741,0.8237475040385085,-0.29278139826905475,0.9997033497918953,0.0048452645095187355,0.0026402485003073073,0.02372266668300254,1678123086.3325045
13.378582764706053,0.8533565243527644,-0.2945262483746326,0.999694602153084,0.0054303019632069285,0.0057274045179961375,0.02341817849583626,1678123086.4321318
13.505118655827454,0.8553195950395123,-0.3159526264207174,0.9996905292935765,0.005884098143856487,0.005012859839586548,0.023645174264344135,1678123086.532228
13.656049117752767,0.8523644431715717,-0.31123932986227687,0.9996802504665431,0.006973547985062493,0.004875673509020517,0.023811641343744888,1678123086.6324766
13.801887864047739,0.8623474773804293,-0.3094196461484189,0.9996826140378623,0.00890187069562789,0.0048428578108727915,0.023064574931438247,1678123086.7323372
13.922960524111053,0.874220580406233,-0.3199266217754187,0.9996756358313785,0.008837555799218133,0.006952006435799851,0.022851484396891417,1678123086.8323612
14.06862079888245,0.8903913117707144,-0.32033139768066426,0.9996818711502925,0.0073451462780181895,0.0067439680242203925,0.023167309185427348,1678123086.9326775
14.187339112300512,0.9104842372746212,-0.3303627830303316,0.9997303541662661,0.005819011771401993,0.0033775432811353756,0.022224991833082665,1678123087.0326211
14.323155168181511,0.9134869678764027,-0.3294225997300127,0.9997292728812184,0.006696384499140854,0.006196643833140447,0.021404228185933395,1678123087.1328318
14.466322366514577,0.9062132318443173,-0.33585636384410966,0.9996954568570735,0.009401263716293724,0.006749741347274796,0.021795659467181507,1678123087.2328453
14.588149014539706,0.8989287466146154,-0.3240199309439363,0.9997008683585508,0.009885714073325402,0.005770362935177187,0.0216136385649581,1678123087.3329327
14.715773879072866,0.9531204642030321,-0.32067203535910305,0.9997062547140099,0.007543116486132635,0.006271361717408164,0.02216248410205469,1678123087.4328036
14.874875658685665,0.9480761182049736,-0.326361740826313,0.9997452305632479,0.005444225726072919,0.005261293884591067,0.021263893315711588,1678123087.532754
15.005866834478239,0.9712516556864794,-0.34873949932449766,0.9997587768874946,0.006742489584861937,0.0053380764809605186,0.020209695942847064,1678123087.6329682
15.159523622115193,0.95999526264705,-0.364406877890606,0.9997395469222975,0.007735225000920265,0.0060405474234820344,0.020603795781592944,1678123087.732056
15.273353063642933,0.9672448913780956,-0.34147353116231255,0.9997262241813468,0.008086257238624238,0.005809370278992754,0.02117404885561123,1678123087.8324494
15.43246373413866,0.9870520707007361,-0.36113347069240936,0.9997261490028806,0.00927927544961155,0.008119352250138379,0.01988964972137099,1678123087.9326286
15.576454902188074,0.9636237057895323,-0.38043153660926526,0.9996964854741025,0.012804683132723097,0.007011378681413882,0.019844837857334967,1678123088.0325928
15.715824254236875,0.9664632071262946,-0.36679531979609686,0.9996359876229459,0.016059467362507497,0.006290292924389318,0.020746517106619587,1678123088.132793
15.848114662336462,0.9666014865254553,-0.3432875983009862,0.9995961368299017,0.0161267534630532,0.009006386945848988,0.021595741516791785,1678123088.2329066
15.97084841500969,1.0034850964380362,-0.33887938164383913,0.9997066625733642,0.01069676562025152,0.009159530924682024,0.019704593498246027,1678123088.332899
16.099867402245486,1.0299490610184767,-0.3781470824042188,0.9997776620885734,0.008320173184773003,0.006525860553777019,0.018243197387361083,1678123088.4355605
16.23641788629041,1.0243983932588885,-0.37150428991229595,0.999789700794475,0.009951893493311464,0.006680203038973431,0.016639978622300624,1678123088.5328734
16.35977509247284,1.0242006394568803,-0.3697360579334234,0.9997703197952809,0.010358497182333155,0.006084541712353064,0.017747888457946184,1678123088.6329992
16.536787264809266,1.0546082218503723,-0.3809366694521826,0.9997748901348318,0.009913218149232527,0.007259839934700696,0.01729716410088464,1678123088.7332082
16.632932919143606,1.0259539111600877,-0.4061852936410043,0.9997557134346292,0.011471580259455074,0.006535831239831924,0.017725665323762997,1678123088.8333905
16.794746666325562,1.0441321567243786,-0.38116963921492913,0.9997531411554128,0.011755685567560997,0.005854459466399176,0.017921660388416878,1678123088.9333656
16.91882972167053,1.0745571066418158,-0.386202297033413,0.9997617471861955,0.011621430611127337,0.007085338164609656,0.017064266666046497,1678123089.0337489
17.080663337542198,1.0802996451344586,-0.38615928731510185,0.9998059954464583,0.009595385920028213,0.004858374497283435,0.016501401019497094,1678123089.133106
17.21085727319438,1.0981924154438913,-0.3896956217244611,0.9998047121287669,0.009974434361826243,0.005199506915240404,0.01624848891788957,1678123089.2342205
17.334537987739203,1.0987915789971856,-0.4093784327680134,0.9997779609015668,0.011269222720455479,0.005736413650433092,0.016856069328651004,1678123089.333711
17.47462579615574,1.1035526882615254,-0.40315171461129357,0.9997841259263334,0.01081832151485354,0.006571202783418828,0.016476794569877738,1678123089.4331398
17.605087189779677,1.1391518193226065,-0.3961703888647397,0.9998128590782149,0.009105495104151281,0.006613306111540762,0.01573534121106167,1678123089.53391
17.754251180217402,1.1393223055844461,-0.40938116379342687,0.9998298147849575,0.007289258865326586,0.007624281253590048,0.015135339693530609,1678123089.6328912
17.89059784856562,1.1476168590918192,-0.4017467384311352,0.9998329807937377,0.006914501323005508,0.007695405937849342,0.015065885835747007,1678123089.7350214
18.047233594739325,1.142087025745265,-0.4115813811356933,0.9998275099472648,0.006728951992689212,0.009222355892653855,0.014649904761520782,1678123089.834973
18.14370967097332,1.1510695194395784,-0.4205665702806954,0.9998414664923284,0.006627185253046627,0.008719969583546483,0.014038676168156565,1678123089.933948
18.28468418370986,1.1794782384141247,-0.41058671230466814,0.9998347952581086,0.007850026030633298,0.010059868223369128,0.012944432541570707,1678123090.0337195
18.44295528503165,1.155395611887816,-0.4104208601639203,0.9998316088609037,0.008531472932881241,0.010348510796223231,0.012525023613268965,1678123090.1336815
18.560871147781256,1.1785117709792186,-0.4193215141977493,0.9998584165728694,0.0072651875718618775,0.008805101924456493,0.012362606441986525,1678123090.234511
18.72785413873044,1.2117512831507629,-0.4464829901838102,0.9998673834051302,0.006174076074115534,0.01008894057429155,0.011194179974365793,1678123090.336332
18.85779151369913,1.2135435767595049,-0.4248938247333636,0.9998857145597666,0.005183578132030096,0.008767018004050331,0.01117263318873225,1678123090.4372542
18.972265394194405,1.1889741182868518,-0.41706188135579253,0.9998874836351763,0.005137352391161223,0.00909907819231659,0.010762641691272425,1678123090.5364006
19.119363785860315,1.2086328323700342,-0.4543047372558359,0.9998864244698861,0.005046600938732546,0.009801468708894978,0.010276244009406738,1678123090.636632
19.249428743614803,1.2469391130819316,-0.4408633833219957,0.999907880343646,0.003316631090180621,0.009513368487762075,0.009095416697684523,1678123090.7367468
19.418007988875083,1.256722662198135,-0.4487403985149535,0.9999074451254748,0.0042521795216204925,0.009942929791172839,0.00825580396622808,1678123090.8367
19.533905430392803,1.222904146732351,-0.46838687328470485,0.9999249988536935,0.005673146083659171,0.008248896280000029,0.007054629055889819,1678123090.9361484
19.703869930638245,1.2371158117032632,-0.46901945708039805,0.9998954523386404,0.006694989218861239,0.009915056088280694,0.008121155991044552,1678123091.0347457
19.824992969384088,1.2343398110879045,-0.47787727746556385,0.9998816050222143,0.008282888125746958,0.01053852708215941,0.007557059576015155,1678123091.1376066
19.96011354248074,1.2727804922122372,-0.47056640594920524,0.9998777004979035,0.009228635280682757,0.010356561638317663,0.007222047418330396,1678123091.238036
20.11141791139518,1.256233739850324,-0.4375989890518974,0.9998855736867002,0.008157922663321878,0.010216160078820868,0.007610381349293834,1678123091.3393078
20.251209850250262,1.251539686772937,-0.4574793794150394,0.9998805727681009,0.006117964730380614,0.011743546347984246,0.007968677911995431,1678123091.4396088
20.38581506338991,1.2945544658378556,-0.5036496277121003,0.9999161860967136,0.00558135138616706,0.008898503944788305,0.007568746663212207,1678123091.5388174
20.51009840797558,1.2874129251824353,-0.5012395725692582,0.9999181510734654,0.007690573925907625,0.007657607092397156,0.006775491135814489,1678123091.6384845
20.665341965857966,1.2637904248950356,-0.49970669404055346,0.9998826443810808,0.01170164321141077,0.006832636814897541,0.007147313187908674,1678123091.7389874
20.80277390530769,1.300967390191469,-0.47760733035293473,0.9998738660800868,0.012626218654584671,0.005963794327567329,0.007567277566337775,1678123091.839315
20.884807842011508,1.2750646691567022,-0.4660785094816504,0.999914004416532,0.009516297770191279,0.005229109140196031,0.007353928612960853,1678123091.9386866
21.06029884514677,1.3059262311541204,-0.49927645039378943,0.9999252477102916,0.007625354449553088,0.006854009367804004,0.006661495073699644,1678123092.039319
21.20776263643162,1.3066944428715326,-0.5207641869592661,0.9999072240910436,0.008152664398846939,0.00802535034756402,0.007393985768318233,1678123092.1394982
21.328979269822028,1.3149155608411827,-0.5025535806082135,0.9999093668025505,0.008616798475392646,0.007932112387850299,0.0066400721098250496,1678123092.239413
21.51377251624127,1.3225265137827722,-0.5056189064988923,0.9999070556577178,0.009047953733948452,0.0072237626242674935,0.007199432803404108,1678123092.339041
21.663259088345864,1.3339993841420332,-0.5188780492276263,0.9998907957313916,0.008596452793951648,0.009810784993592447,0.0069459418955167395,1678123092.4392593
21.768545999165138,1.329017948860365,-0.5164506637472829,0.9998791674577532,0.009361115650784563,0.010027540812408087,0.007312210542479408,1678123092.540307
21.90499490380982,1.3120269213817302,-0.5174219175698336,0.9998588506522582,0.011058275565302067,0.010679547944960177,0.006777947296774474,1678123092.639696
22.049683227088103,1.3370587006377348,-0.5289040999660448,0.9998261176002553,0.01195390253965424,0.01279860725238724,0.006405812272642715,1678123092.7409213
22.187762811384747,1.3267193418834125,-0.5074868239679956,0.9998093893468973,0.01244422101483619,0.013475904946105066,0.006687774144054999,1678123092.8405018
22.346598256133372,1.3481326699311398,-0.5396925891322754,0.9997873730816257,0.013159074061053891,0.014462283830176781,0.006549026096545325,1678123092.9398167
22.475918004354472,1.3496825209645555,-0.5470561584476185,0.9997926850410789,0.01296926605487601,0.014098228236630872,0.00690108954699856,1678123093.0395412
22.62538275828682,1.3644731259747274,-0.5202043374380164,0.9997936944078066,0.012035475362780159,0.015185078835856403,0.006093384603834712,1678123093.1396298
22.752788869883243,1.3541895336804346,-0.5443235443523317,0.999792662278555,0.01167529956658812,0.015186165669243357,0.006906533591865647,1678123093.241685
22.925648016155936,1.3624145686202744,-0.5662411529030636,0.9997874272985822,0.011868123187371493,0.015797391291333174,0.005889846863939712,1678123093.3386545
23.036842672371108,1.384514404855309,-0.5469086490097781,0.9998270521271299,0.012392406478511434,0.012512182499434976,0.005978242680422068,1678123093.439205
23.171530566466256,1.364396166552308,-0.5691464477248791,0.9997845527797964,0.01451684866619084,0.013519177484980993,0.0061107256389250795,1678123093.5413291
23.31220265587124,1.3586371417450374,-0.5786231482814249,0.9997991374513936,0.015804897742069442,0.010740388520087407,0.006044337287895577,1678123093.6409726
23.44010326879486,1.369031807500971,-0.5741343176662531,0.9997633408504472,0.017969752585333343,0.010136041051696187,0.0069000692295434944,1678123093.741169
23.572807650119447,1.364902023846885,-0.5660790887303171,0.9997684155295123,0.018393005341662265,0.007531293893364932,0.008251804433069915,1678123093.8417478
23.695529953607956,1.3761511221833485,-0.5736938802511717,0.9998232919531529,0.015062445831390952,0.008490084265516562,0.007377402164796477,1678123093.9421449
23.82607933086677,1.3886845809218693,-0.59133612387989,0.9998440454369558,0.014122224132092813,0.008137817137843784,0.006798788278571854,1678123094.0417907
24.023435422622857,1.4049445968291445,-0.618009393859424,0.9998170655227608,0.015630155039303362,0.008862788237010255,0.006556273908945473,1678123094.1418471
24.116873341386402,1.4040533529233217,-0.6085532496665477,0.9997626607707326,0.018715368795169173,0.008127637448540281,0.007635352578074926,1678123094.2409563
24.274161743859594,1.3660442716836052,-0.604017756193173,0.9997558033787319,0.01810835040539051,0.01048794686169019,0.0071010018143911734,1678123094.3411586
24.412549921641034,1.3961932236147647,-0.6186965281586494,0.9997395408146974,0.018656292022548294,0.011136137700833215,0.006984249186182003,1678123094.441246
24.547439980329624,1.3974551700605369,-0.6097165567004553,0.9997116447868353,0.01990502253129061,0.01159692558443659,0.006777069618819669,1678123094.540385
24.713448160587124,1.4168968607161319,-0.5949472164100575,0.999727898065778,0.016898608521531563,0.013367416449850067,0.008937507285269508,1678123094.6397617
24.85028037391509,1.4071529779768996,-0.5808543867309057,0.9997493076191198,0.015018882903233636,0.014642603572373014,0.007832575058813056,1678123094.7408586
24.97336423101345,1.424180607410585,-0.6188121153138798,0.9997482523175998,0.013904291096846147,0.01593366935806706,0.007498056934139512,1678123094.842545
25.132302795607146,1.428610836616287,-0.6274267577755038,0.9997492534086145,0.014372218426318225,0.015490068639192778,0.007411303527556912,1678123094.9421403
25.28045174494963,1.4479261363036644,-0.6208501981426795,0.9997136633834505,0.016044493057743924,0.015923061200205257,0.007849943246632247,1678123095.0425704
25.426686927427617,1.44766155376888,-0.627210063862381,0.9997191819168988,0.01675126096506237,0.014458417715898175,0.008479783053854432,1678123095.1432009
25.563111101741036,1.4447576138919622,-0.6577587126450418,0.9996747241059827,0.01714930075229629,0.01641896416573474,0.009314777670906679,1678123095.2430158
25.680211535521995,1.4529626001788625,-0.6455193737079233,0.9996854309883895,0.017188838247192095,0.0153583814079441,0.009884484295996455,1678123095.3429606
25.853645308931345,1.4571340664948207,-0.6422841058641701,0.9996726552145574,0.01728323324748531,0.016458421780560117,0.009219144064506041,1678123095.4450402
25.974045651270583,1.4893990767366398,-0.6522661778423048,0.9997101749608555,0.0157522362001345,0.014481290597950891,0.01103292151012277,1678123095.5338826
26.144495921471936,1.4899154471447902,-0.6500194768971024,0.999699294367721,0.01565805845526969,0.014927053072343321,0.011546823488210399,1678123095.6328638
26.26776521097392,1.4777104892505115,-0.655268108350152,0.9996849592023188,0.016860467227316104,0.014260388390825884,0.011930981203513212,1678123095.7337077
26.411277122857367,1.4906227138204273,-0.6695865346906873,0.9996771556761546,0.016521892146746646,0.014721324392142354,0.012485756175164451,1678123095.8334565
26.55030197434074,1.4957519735493645,-0.6812304801031843,0.9996536585024737,0.017723466821647816,0.014489516996894047,0.012980587954258304,1678123095.9337702
26.67993361444892,1.4981423637214901,-0.7005544649434942,0.9996538092456224,0.017470694059631066,0.014268374746791213,0.013544371224866136,1678123096.033848
26.811090908146557,1.5113854626474679,-0.7033700448469666,0.9996384110417501,0.018291553159703548,0.013881621493685214,0.013991670294774175,1678123096.133725
26.969671348770646,1.502299454002733,-0.6945954702607492,0.9995971280007069,0.019766255765934375,0.013170885897207496,0.015537200211617258,1678123096.2336938
27.125284201844774,1.4980421501633774,-0.6705365481630849,0.9995990341531379,0.01898263529133619,0.012716850943093494,0.0167245980400493,1678123096.334045
27.247917880143056,1.5068314481263916,-0.7214024056021724,0.9995874441592505,0.017749455048688655,0.01405800039795213,0.017671189814591218,1678123096.4337618
27.414625031623352,1.5532647359507075,-0.7102487435991779,0.9996099641838596,0.016688181501782126,0.014614069916115358,0.016966233023077877,1678123096.532714
27.533136006224066,1.558161003261794,-0.7130051075346019,0.9996259301410964,0.015697775714623042,0.0135175880992916,0.017856495712746098,1678123096.6344633
27.676180913261906,1.555150623102198,-0.7189489395951058,0.9996286092601521,0.015484347284489039,0.014591532958253661,0.017028379362588025,1678123096.7337863
27.839785743652904,1.5718461382235882,-0.7337836719347848,0.999526115782441,0.01774894295192911,0.01523357401829839,0.020011424626549115,1678123096.8334453
27.973706770802632,1.5808516920097184,-0.7265862044807593,0.9995070714063565,0.018985077687738144,0.016184434833964034,0.019058990083010187,1678123096.932187
28.119032132716654,1.5653252919788174,-0.7482476151305751,0.9994091030861075,0.020515515562602962,0.019498399049272752,0.019503095250200813,1678123097.0332987
28.265839005154177,1.6106941312638288,-0.7181514520095937,0.9994292001993815,0.019978435849159166,0.0188282242377541,0.01968841948704996,1678123097.1345143
28.407018271571687,1.6153513999297746,-0.7130339112528404,0.9994642047094122,0.015831676564309168,0.019805037550186366,0.020698357649367893,1678123097.232968
28.577058021423046,1.673641962971366,-0.7255039966529755,0.999536276887977,0.011991490966756703,0.01960433797258221,0.019977619026599017,1678123097.3329
28.725189550255983,1.6524304932044935,-0.7530413250705216,0.9995409174573104,0.009626782656861487,0.020840684590261338,0.01977233547369295,1678123097.4329617
28.858634881990046,1.6581336811417153,-0.7788318017738809,0.9995436543178767,0.011343102616551958,0.02116246668369315,0.01832940642128216,1678123097.5324874
28.99002031660556,1.6423742239614878,-0.7523346931778131,0.9995213389758552,0.013078921785338718,0.01951149859007706,0.020132962017920135,1678123097.632438
29.147349814371292,1.6590615126027168,-0.7878940272230984,0.9994369231261672,0.015187256715604261,0.020222026745281285,0.022051157789722282,1678123097.7333448
29.24046156520307,1.6481424001253873,-0.8146407666240081,0.9994315744252157,0.017848011755868236,0.017546799552605297,0.0225850911832889,1678123097.833299
29.40462524322448,1.638379474665952,-0.8052119814504524,0.9993610821574794,0.022138215356138035,0.015708898341346256,0.023249890382059737,1678123097.9330544
29.561474760323534,1.6367406279002017,-0.7944235938627628,0.9992850015607267,0.022481838341687356,0.015423083078194955,0.02619505886459182,1678123098.0331764
29.705944398205755,1.6777680936350854,-0.7820602938177577,0.999337428835598,0.01920186341507659,0.015958677591055737,0.026482303132277556,1678123098.1330063
29.82930844956882,1.6870924028612904,-0.8072566584715335,0.9993924579209802,0.017560855622327603,0.014849762360798158,0.026188088099383517,1678123098.2331986
29.979997904320985,1.6980552484367943,-0.8391542751480182,0.9993331147863012,0.02000361802026201,0.015149737667414565,0.0265267111835945,1678123098.3338675
30.12017234376666,1.682107191835527,-0.8559326615610126,0.9992461995395774,0.02347791221982972,0.014800907225531068,0.027143203363081708,1678123098.43363
30.281208172557047,1.732591036411019,-0.8344710866192879,0.9992405160994255,0.02242124481794096,0.01622232884959196,0.027432003442394565,1678123098.532897
30.42341234376234,1.7647481626151262,-0.8110120781660244,0.9992974039885019,0.019439233455983664,0.016304354832997414,0.02758591303480729,1678123098.6329367
30.58502590403381,1.7585222310443014,-0.8455653914343839,0.9992357247328668,0.019906055782895046,0.018511857165571466,0.028089615608477544,1678123098.7330928
30.69599952209732,1.748093030708902,-0.8342074178246364,0.9992669130297439,0.020847705394524605,0.01688513814448034,0.027311203079159876,1678123098.8339968
30.840122573234517,1.7640448288225021,-0.818653267484905,0.9992417854415335,0.019738884691836173,0.01907728196354419,0.0276095630465697,1678123098.932331
30.990159478698462,1.7891977098281926,-0.839977191275797,0.9992439180431489,0.015696352853327544,0.02068344669023625,0.02893806824743035,1678123099.034335
31.13742131475862,1.8103673255158035,-0.8452264472031294,0.9993226477575052,0.013035863436006014,0.019731061760985602,0.028195693734872317,1678123099.134301
31.284577782920476,1.8263515429986361,-0.8737292208221409,0.9993175077339417,0.013918448235366315,0.020193041820707358,0.02762311707918589,1678123099.234059
31.448703193285724,1.8532868399623015,-0.8821241514135127,0.999291078409713,0.016082165592516583,0.020456376122070963,0.027207374672318013,1678123099.3352454
31.60265682718015,1.825446440834239,-0.9047246051753112,0.9991738959051611,0.017934763514824707,0.024016380616498134,0.0274423661781063,1678123099.4351025
31.70268416173946,1.836889116101714,-0.8972871209657212,0.9991715789559921,0.021523696972920107,0.022390033023309552,0.026297769799409232,1678123099.5345109
31.863937480072845,1.8632978919737273,-0.8758374752485946,0.9991975518246431,0.021094948675312485,0.02207348111885299,0.025923290673083032,1678123099.6347637
32.001781710718035,1.8785848866638202,-0.8998159869088727,0.9992022854723267,0.01898769412516325,0.024072058649741823,0.025588985346249996,1678123099.735466
32.12853527975798,1.8598111628217122,-0.8982630690498923,0.9993798474312615,0.016953200752045674,0.021697650200641516,0.021948155009017645,1678123099.834949
32.31903277687336,1.9256953944350212,-0.9053779317081696,0.9994192011902323,0.01508828701303012,0.021395336969423973,0.02181383605089061,1678123099.9354138
32.4570830672353,1.939802488104909,-0.9197563051529856,0.9994598123156815,0.013885801862177341,0.02105413812390844,0.021071102021649846,1678123100.035999
32.57402733391095,1.916121798216033,-0.9487582210055614,0.9994621634789096,0.015265292693022455,0.020568354479284734,0.020476752844837624,1678123100.1360192
32.7203965154524,1.9362650790696483,-0.9705616024838446,0.9995026360620836,0.016947997787731837,0.01873064492056309,0.018878792779035772,1678123100.234983
32.882122676086524,1.948223371592621,-0.9832519721978418,0.9994776829019387,0.020589114648700245,0.01754783394961057,0.01767832748397908,1678123100.3340414
33.02784531340108,1.9274805328990408,-0.9502212837525067,0.999425810110183,0.021283696655917877,0.02016129563178648,0.016987539572018734,1678123100.435437
33.153510412414526,1.9606469154620305,-0.9519736480517701,0.9994651420946471,0.01849469326743099,0.02072782953044572,0.017254945425234654,1678123100.5368943
33.312522055602315,1.9591350383068458,-0.9766439967780908,0.9994992515255077,0.017868522939291375,0.020570277882947297,0.016088062522781613,1678123100.6369934
33.44795044355229,1.9910443913174254,-0.9846533282040099,0.9994814098983527,0.019832709783792094,0.02041890976591887,0.015054667522212363,1678123100.7363312
33.59273385823653,1.9848020020864263,-0.9701185414419577,0.999539232703313,0.018650425564213743,0.019921632944044476,0.013289561843362042,1678123100.8367844
33.72450794774365,2.0156572996375877,-0.9887681659956995,0.9995949885904396,0.013710242280875815,0.021369313864723738,0.012854589313938318,1678123100.937202
33.87422498845849,2.013124460342827,-1.0166050105998372,0.9996006481982683,0.013839167899636406,0.021929657409476833,0.011229945652149449,1678123101.0368068
34.029210877758636,2.02839581596766,-1.0134825745964295,0.9995975447903058,0.0157697880458215,0.021274166036030606,0.010172123360138495,1678123101.1367276
34.203869976815575,2.0268475000508026,-0.9994452190686506,0.9995560153428532,0.01630073052778107,0.022946090294478916,0.009774216918829442,1678123101.2390738
34.327120615928955,2.0406622644867998,-1.0051519510354692,0.9996446310686752,0.013689841380537797,0.021334636484617198,0.008248218269262888,1678123101.3367584
34.4792829198077,2.053314683842838,-1.0435853352517395,0.999627921073623,0.01254915265440307,0.023377858912940752,0.0063256533519520835,1678123101.437301
34.609584896227304,2.0664793678338067,-1.0597287376719788,0.9996494370974894,0.013859844396492786,0.021989681162741248,0.005036024854863437,1678123101.5368323
34.78031351427538,2.0526082432195314,-1.0405080168945253,0.9995859897904533,0.01663688100610779,0.0229914245127657,0.004738945441879576,1678123101.6371627
34.92197138591874,2.0577248185128676,-1.0385363058449082,0.99959630266375,0.01552983101837374,0.023422760098057216,0.004174968130472263,1678123101.7375002
35.05775189558535,2.0740639656364026,-1.052818951849603,0.9996350836079464,0.013795774984543648,0.023011345360714253,0.003139139595440783,1678123101.838038
35.21329935330042,2.0839682357622036,-1.0662855648020304,0.9996724874441227,0.014635586695885458,0.020960275269442885,0.0011765670300849605,1678123101.9372897
35.346262822665096,2.083899845594768,-1.0903489030341769,0.9996613994269229,0.014863473262656496,0.021357334677818862,0.00016707434393175796,1678123102.0364783
35.511536649704894,2.1066187078155614,-1.094460824060746,0.9996470182758423,0.012845721364959359,0.023252382077030842,0.0003911810016358125,1678123102.136294
35.64032009122582,2.0932966946389295,-1.0995244240656863,0.9996674095213826,0.013188950044444453,0.022152610148855723,-0.0006195168490679531,1678123102.237113
35.79671157527398,2.098564382209167,-1.094777307821839,0.999632451106361,0.013998819055224009,0.023215513664340715,-0.00018890592359576465,1678123102.3400798
35.93345586723636,2.10403308169346,-1.0994017551716437,0.9996720977238603,0.01307586259422762,0.022010491596420323,-0.0005070596387703937,1678123102.4395356
36.05919764139136,2.1150687605618237,-1.1176210662021053,0.9996968704309583,0.01180066297162518,0.02140568290645084,-0.002950990221423124,1678123102.5407724
36.20957196275788,2.109008788855358,-1.1257427001827367,0.999694942486665,0.013031780524306539,0.020328034740056733,-0.005192847634711955,1678123102.6406505
36.41583991260998,2.1235967916896445,-1.1795385367625726,0.9995592211928417,0.01313539100866892,0.026539766037468993,-0.002113208481183403,1678123102.739483
36.51918322080175,2.0794112234832256,-1.1543594630906056,0.9995605839705194,0.017911243140380225,0.02361833362677701,-2.565881742104822e-05,1678123102.8403275
36.67673924122477,2.076317408989437,-1.130232680046328,0.9995249773429946,0.020490762472269684,0.022968286183231323,0.0015511771646813555,1678123102.9403644
36.803556571530116,2.065447539143457,-1.136987218218538,0.9995519842234819,0.02016496232110037,0.021960434612017465,0.0026352307567007478,1678123103.041198
36.96275289033255,2.096220233431861,-1.1588981025136882,0.9995792976919028,0.018136923793489492,0.02237306172536424,0.003424285342244519,1678123103.1435406
37.0961512647495,2.116128581086127,-1.1930243532365747,0.9996264377060542,0.015543685643315668,0.022194119442268456,0.003577700086366347,1678123103.2422264
37.27101856763022,2.1087303660461734,-1.2084549696006348,0.9995696727541235,0.017603578109501486,0.023110196824765894,0.004062283923871508,1678123103.3424368
37.39904403351012,2.1076941523348505,-1.2326984617248573,0.9994049442460632,0.025398473864776196,0.022464287738299227,0.006326983347127498,1678123103.4418497
37.54746299111847,2.094299688985267,-1.1878726826198829,0.999357221516686,0.026218028159986147,0.022720018152612598,0.009031034104477103,1678123103.5424097
37.69250212872296,2.1076086247282033,-1.165125398161494,0.9995132164487227,0.020518836139646234,0.021628429422713924,0.009193397005944987,1678123103.64148
37.82403719304758,2.1461306448609885,-1.1973791533019091,0.9995429423235022,0.016204753289042542,0.02355110757503598,0.00983146754592776,1678123103.7422736
37.99106183795395,2.1571668803148007,-1.2285119795199633,0.9995664926236841,0.01604830993481488,0.022771281526831832,0.009526138244239351,1678123103.8331726
38.14201413073067,2.13270854498052,-1.2616318732577965,0.9994669803137969,0.019904352926989527,0.023150829212055468,0.011559026938838497,1678123103.9327257
38.26299083200585,2.129655091775956,-1.2505051720801768,0.9994959514660404,0.02221574630558929,0.01909349395549298,0.012236915773680527,1678123104.0329976
38.419700307277864,2.1423148621125234,-1.2560459509597224,0.9993956936433877,0.022144762470656432,0.021748701918557267,0.015647715073687177,1678123104.133769
38.564130278915236,2.146726733777248,-1.241503976240565,0.9993998903808097,0.021373303047981313,0.02234569603698955,0.015611242495942439,1678123104.2329705
38.69879080924142,2.183005580448527,-1.2590426544326965,0.9993776298146477,0.019275674220605832,0.023524127610237477,0.017872236277935574,1678123104.333679
38.841541554026534,2.181531658360507,-1.264899428103503,0.9993912143012553,0.020223202728483394,0.021955856759518833,0.018059989003888458,1678123104.4328508
38.99169233606537,2.189920724971046,-1.290368107742928,0.9993533477788752,0.02089520286379048,0.02292398782619287,0.018187016318802617,1678123104.533166
39.15544727601071,2.1893950482765616,-1.301833507107885,0.9992809831522392,0.02186445982281744,0.02381406684755194,0.019807885478538546,1678123104.6340148
39.29046038459367,2.20913665022034,-1.2905993658731905,0.9992263568709441,0.022925897537806335,0.023788403598902996,0.021335482434709282,1678123104.7337265
39.45159399599232,2.1977701865342434,-1.2972732550872201,0.9991936464614026,0.02346433520696087,0.02509548061056377,0.02077736021218436,1678123104.83347
39.58671448771352,2.227836814557512,-1.3043353372416444,0.9991436244326501,0.02226987931066592,0.027275830885478802,0.021727845741863455,1678123104.9339757
39.7068151357955,2.2316655404041468,-1.3200447288332045,0.9992253493214392,0.022287749423330266,0.02514216862451879,0.020489725619113303,1678123105.033166
39.89472554037376,2.2320368336897665,-1.308815454716414,0.9992012943439904,0.021300931488631086,0.026129959335656205,0.021453878999570217,1678123105.1329238
40.04434789204546,2.2623433935568715,-1.3254312521099252,0.9991666222308552,0.02021073560163404,0.02813606729119389,0.02158584961519762,1678123105.2325222
40.17843139198246,2.2493101069507984,-1.3308005541129555,0.9992102088344617,0.019315772614021596,0.02795697033426714,0.020597749853889163,1678123105.332955
40.33376397121876,2.2834003085872574,-1.3383618322509985,0.9992427049067926,0.020525205941960136,0.025907252363364885,0.020531607014013804,1678123105.4329429
40.4593094761612,2.2657182744402355,-1.372965865591065,0.9992685354921985,0.020449289348854403,0.02467677319491779,0.020863302832731342,1678123105.5342803
40.5906227735681,2.2688750341606387,-1.3972032940665788,0.9991848526494013,0.023837242708776074,0.02517224248868799,0.020682705435411945,1678123105.6336136
40.76593546479983,2.2669878555930745,-1.3865850293451358,0.9990760793666005,0.028301437954339693,0.025376354913045907,0.02005135552788627,1678123105.733229
40.91703319665081,2.257756140758288,-1.3948300370087532,0.9989715852873158,0.03124071853931548,0.024667450752614117,0.021709586985064783,1678123105.8335278
41.068800132539884,2.2860017329470237,-1.3924093977598742,0.9989741114614907,0.03216539088594884,0.02310153011339877,0.02196432483140019,1678123105.9334023
41.202002346295004,2.3277637591902156,-1.3750229013218136,0.9991618040056173,0.025854845242653492,0.0230175675169626,0.021849667716494714,1678123106.0341263
41.338651602941155,2.3361401979260297,-1.394044289709326,0.9992947283839833,0.022568004283930056,0.022434830036074827,0.01993512999390571,1678123106.13324
41.49281150619886,2.3545090226229552,-1.4290484636255427,0.9993051413551622,0.022069874324290584,0.023344441077346678,0.018899528545325495,1678123106.2330618
41.63391471984324,2.372660395822895,-1.4304203537443616,0.9992964795962975,0.022309727359975665,0.023279254862700327,0.019154587560360585,1678123106.332785
41.794205876642486,2.3746594086906803,-1.4465929661072066,0.9992710449740941,0.024766575909243,0.021887906899189624,0.019102746548249748,1678123106.4326713
41.9252184980553,2.3555000926272296,-1.4681488057584613,0.9991430112166856,0.028346839789421843,0.023724977901003586,0.018623244465037266,1678123106.5337903
42.07489166953916,2.357262812405176,-1.4394711750390732,0.9991743410529137,0.02750762963363717,0.02306033163736887,0.01903122692283338,1678123106.6319664
42.214395676624456,2.376174233850335,-1.4445245523513626,0.9992099956263825,0.023202969529170697,0.02552417940873719,0.019736339854796676,1678123106.7327876
42.37321710451721,2.4012356795493646,-1.4645594626530987,0.9993175269379496,0.020254660740536345,0.02573464940368564,0.017086746120171838,1678123106.832664
42.49677043890845,2.4308172682833677,-1.4817201453547462,0.9993934438057965,0.018704019428712804,0.024988251644265103,0.015443167258158252,1678123106.9334762
42.65508520113759,2.450067778639237,-1.4851453240394272,0.999334044404275,0.019761324782802004,0.025965521972843963,0.016332464789524336,1678123107.033015
42.814657881248344,2.447942608318311,-1.5099062699528116,0.9992653835635598,0.022926050883626547,0.026357150337926738,0.01576039430082139,1678123107.133283
42.98538878967095,2.448322209650943,-1.504005941808628,0.999173143521331,0.024603736120645845,0.028116354783705888,0.01603608519197181,1678123107.2332342
43.122031054502315,2.430087299799886,-1.5157981431761496,0.9991597793496718,0.026522281574387813,0.02729361108530881,0.015210611556656166,1678123107.3329873
43.237302008330055,2.4720115735900796,-1.520126668838322,0.9992562410461531,0.022504917214330934,0.02749020704530447,0.014992729841333237,1678123107.4329398
43.40782134525049,2.481844832582414,-1.4942753810169245,0.9993342779367363,0.017238075230279468,0.02903673768478332,0.013810053136843579,1678123107.5334606
43.55659582393342,2.5114708830436836,-1.5495083533992653,0.9994100980243422,0.015451227983225102,0.028172034333661777,0.01212650000158602,1678123107.632686
43.68823553641575,2.5043764915402265,-1.5568719542486438,0.9994364507179399,0.018311282736024264,0.02602330519858498,0.010689503610099519,1678123107.7326572
43.83021849797803,2.5033505120024278,-1.5613487133407629,0.9994207975444948,0.019041457060469124,0.02582881715935048,0.011329808148860549,1678123107.8326268
44.00310018609332,2.5161970006522822,-1.5545165315207259,0.9994434789920549,0.018916377616083155,0.02560968855297041,0.00995222640229787,1678123107.9333742
44.112952631708865,2.5149260092645846,-1.6074798172424052,0.9993610729247396,0.022261678978312868,0.02603198099677495,0.010207817453490744,1678123108.0318935
44.28951899357575,2.5277431594306963,-1.595053343160592,0.9994168584924088,0.02311553490786168,0.02322228358793621,0.009609399151353426,1678123108.1317725
44.45813936367519,2.535524770344818,-1.5563855886540645,0.9994200535918962,0.020237218424866813,0.02525091902133525,0.010602007233231247,1678123108.2339022
44.55902710374844,2.5345702016696485,-1.5997834028648066,0.9994957591414767,0.017769752569655444,0.024329372800659943,0.010027211523804076,1678123108.333129
44.72334015375942,2.5468228824863934,-1.634743872582408,0.999438453246563,0.020010904173097078,0.02473741059507728,0.010507254795779127,1678123108.4334571
44.87319276051854,2.5500547045653317,-1.6460933011571204,0.9994220202749592,0.023384374597392295,0.023178159473195015,0.008459866289895795,1678123108.5341566
45.03358580664829,2.560868665295155,-1.6327115514639707,0.9993775613315912,0.02551449222553848,0.022886137155115005,0.00835016883136373,1678123108.6325924
45.17497545619694,2.5384384079223152,-1.637312514169892,0.9992877420786589,0.026248309183330557,0.025598941019282617,0.008929110540458834,1678123108.7345028
45.29479415063988,2.5694617984083585,-1.6517729784034882,0.9993579660039815,0.023928820390798588,0.02515812597913414,0.00883945905059714,1678123108.8338563
45.469604004090094,2.58698384764478,-1.6570727027310816,0.9993617603886672,0.023618919445272862,0.02523024300394483,0.009036224602306173,1678123108.9361763
45.61840804732035,2.5837697984242447,-1.6511221028742031,0.999377881613497,0.022412967093025392,0.026015679627869215,0.008043199693271314,1678123109.0349147
45.76001533005551,2.5945307399061597,-1.6673869940443466,0.9994303864654057,0.018620094987623338,0.027150288959956748,0.007420005502223656,1678123109.1340747
45.927119243351214,2.5963766880739243,-1.6760562024929788,0.9994511215770938,0.018843188766143625,0.02634377248866926,0.0069566850207619735,1678123109.2346346
46.07782168818135,2.5981624236551997,-1.695841459259567,0.9993156588788945,0.0196707983062626,0.03046437247612921,0.0072935329622372605,1678123109.33455
46.21153909642204,2.595765996414984,-1.7240753073444202,0.9991943641943917,0.024444907627266074,0.03084137425713518,0.007866300731013827,1678123109.434693
46.367217491366674,2.588677840637876,-1.7091207411127043,0.999136520191798,0.02654544574670077,0.031080135013401344,0.0074551013864751,1678123109.5348313
46.49555891614658,2.583189310613741,-1.7009068528319802,0.9991488454842831,0.02609709059782959,0.031361504107510596,0.006081323035895804,1678123109.6348698
46.66257359030579,2.621100056736554,-1.6882226522306156,0.9992526791650455,0.020654530228731868,0.03218921942901076,0.005597116673768835,1678123109.7369428
46.80785937385416,2.644557718402834,-1.7517273628372483,0.9993362944479968,0.018827802484066295,0.030716328205545818,0.0053843880002799605,1678123109.836384
46.957404174082846,2.6382752979581285,-1.7476922648446298,0.9993448177816012,0.02016583968074483,0.029604718310694556,0.005180225552337294,1678123109.936337
47.11106436695214,2.616876608269195,-1.7676096014272722,0.9993038846238361,0.024083911142391154,0.028003257606059484,0.005246805051126141,1678123110.0358694
47.21700633019822,2.6127077507452814,-1.7856057098234903,0.9992853403295872,0.025997410838799334,0.026249075872666117,0.00799557677036147,1678123110.1373892
47.37818031476171,2.6534589864940603,-1.7591088428075647,0.9993080204913347,0.02578840406289547,0.02513047224854148,0.00932189691766573,1678123110.2360106
47.51687212707559,2.652780385846691,-1.7757099358313775,0.999327916927198,0.025298181829405447,0.024531856479627412,0.01009477408052123,1678123110.3369052
47.703046827480655,2.6301361081142582,-1.8559770296583644,0.9992283797884973,0.02817315988379104,0.025795616421675605,0.009138066581199126,1678123110.4375305
47.83827427577725,2.621330479438434,-1.8151425775508558,0.9991026457161515,0.033735349957109244,0.02321448388509162,0.010812826836965073,1678123110.5365767
47.97388119776681,2.614049982367065,-1.8232559800722004,0.9989872419187888,0.03548234112144289,0.024755237654885298,0.012356057651321624,1678123110.6360826
48.11639389040506,2.6210068062564,-1.8398746546041338,0.998925269151024,0.0357893525568078,0.026628709615011736,0.012583350879589403,1678123110.736503
48.26996964670877,2.6364443477515613,-1.7993215665108089,0.9990494127562174,0.0327183498251713,0.026265041702482894,0.011829118333250049,1678123110.8374288
48.42632378490698,2.6563601577974754,-1.821659164269437,0.9990448841143765,0.03090044970631429,0.027956456977078048,0.013149838254805183,1678123110.9372976
48.55200215038978,2.6891259828202743,-1.8458714551615119,0.9991257628280585,0.026882141751790427,0.028946974473145426,0.013679662895627769,1678123111.036547
48.72532976690696,2.6768237491616507,-1.8671371483775003,0.999309079910947,0.02615040568433122,0.02321101264393255,0.012600316747012502,1678123111.136357
48.91584726835215,2.683513748060158,-1.9018489890083377,0.9990415733514676,0.02948579187757747,0.029815350848874766,0.012552595211162781,1678123111.237342
49.000981914755336,2.692419749127235,-1.8888970876191147,0.9990352613479315,0.03077044907568268,0.027278531000875406,0.015414531896406484,1678123111.3380833
49.160918143839645,2.683543921902327,-1.8796377144726204,0.9989328344842372,0.031370784985994625,0.03033430261914083,0.01512931337701567,1678123111.4378693
49.32742578033939,2.686613574170474,-1.9170706034868072,0.9989103133975349,0.03404370967851785,0.028146668870439928,0.01506574428500286,1678123111.537228
49.49011351787248,2.688737573506567,-1.917041809125919,0.9986338663079012,0.03834573147075275,0.029604607305435904,0.019585024054035127,1678123111.6376977
49.62648278421147,2.6949720512632416,-1.8953496785731285,0.9986407774409016,0.03847155858070365,0.028801589879865697,0.020174370696372425,1678123111.7376742
49.78551680994827,2.7189514954632927,-1.923111459152242,0.9986779418153161,0.034083330831732546,0.03182585523842807,0.021628916507344435,1678123111.8378637
49.89634497842642,2.716210501000605,-1.9133038556193762,0.9987856409080691,0.03364552378686119,0.029964900668474792,0.01993306230597013,1678123111.937338
50.08737935057405,2.752718606722931,-1.9687675596369207,0.9984140950294071,0.03472842498697664,0.03803980234396387,0.02272014045216202,1678123112.0380385
50.21898522581439,2.718080558928513,-1.9296763616724535,0.9985512034554572,0.03821136169562505,0.03095331325309114,0.0218467002927255,1678123112.1375878
50.41789764554882,2.7256134561400476,-1.9734225247690964,0.9985313626715372,0.03728676062478166,0.031071969584047676,0.024069647891094788,1678123112.2381566
50.55180183129463,2.7336041881131385,-1.9631194603741604,0.998335588123538,0.043084748409991006,0.02779004946815089,0.02640967798051878,1678123112.3394246
50.65734681503645,2.746621425684575,-1.9851875646455768,0.9982750492219267,0.04007609316421475,0.03226831828463006,0.028276995822310934,1678123112.4430535
50.7576779320936,2.778940369596693,-1.9477020289667735,0.9986035360002856,0.03575035547843735,0.029214408001964287,0.025678947330177778,1678123112.5436468
50.944152039826406,2.804980022497326,-1.9915722422916549,0.9986127821877071,0.03244101441525464,0.031076039162416857,0.027465826494241924,1678123112.644039
51.06175874577926,2.7793589096706146,-2.0079038568422307,0.9986839150880679,0.03295166374013479,0.02824523279999991,0.027328234944828233,1678123112.743842
51.205386697012436,2.790333989767483,-2.04769480231613,0.9985939896944263,0.03592948391838243,0.028136455793179693,0.02697138830178178,1678123112.8343794
51.36052471118698,2.8109243149491667,-2.0466413146901425,0.998465267278662,0.03948370484421924,0.02760822314155631,0.027311775938058506,1678123112.9338665
51.50335217672865,2.8092391769270444,-2.012776354326418,0.9985596276860809,0.03670074045546539,0.02720319511744529,0.028137373382369296,1678123113.0339246
51.657412756206,2.8748542601006384,-2.0161263558777267,0.9986757914478058,0.03189746794917989,0.02856316201927045,0.028519482638911707,1678123113.1339076
51.787321972691416,2.911906430885796,-2.0530141450523374,0.998778994138618,0.027728503808282373,0.03028144739070293,0.027471528678410177,1678123113.2324748
51.963119637619926,2.8927282952476827,-2.0955921764044705,0.998709216490135,0.03260450978757113,0.028594195645961218,0.026442745971884268,1678123113.3328218
52.1337879327072,2.916496827621303,-2.081249315267613,0.9984989767953315,0.0351228292709622,0.03152940782361091,0.02778626720110117,1678123113.4323466
52.23614176310958,2.9279957279909055,-2.0640073788195505,0.9985278777680661,0.03363189895723965,0.03082054825144631,0.029343934603463562,1678123113.533146
52.3626988265352,2.94859942702071,-2.0784072141563468,0.9984472298921155,0.02982183907166475,0.03561419150627454,0.030747624274058805,1678123113.632355
52.568974457691915,2.940141680652137,-2.068756389647712,0.998700497305098,0.02725246714144079,0.032080136688201644,0.02873124688072293,1678123113.7331524
52.72125234430934,2.996492398079155,-2.081794067367723,0.9985956391490884,0.025519568261425016,0.036211368510317254,0.02905577221111263,1678123113.8335893
52.85904648941211,2.9405324387772396,-2.1021548398786307,0.9986769615226816,0.023449438835234114,0.03650783771235944,0.027597610905744693,1678123113.933344
52.99806050861451,2.990084795240763,-2.1395281987974606,0.9986542480367543,0.024685311710866544,0.035602700782294994,0.02850922589072896,1678123114.0332866
53.14471298392941,3.001207631016763,-2.1586909142483766,0.9985788164796032,0.02972539757644808,0.03235510505333572,0.030164469067170248,1678123114.1335423
53.27736066447205,2.9815491266663106,-2.170044014952601,0.9983360041302478,0.03353794889437007,0.034492705864599404,0.03179122651528328,1678123114.2331693
53.39316466906521,3.0099336060268733,-2.1383407122214706,0.9983717734014699,0.034933572756769546,0.03259945846136958,0.03115642594516989,1678123114.333824
53.57003516514722,3.028471257553178,-2.1611198343895612,0.9984705578376335,0.0316913678490552,0.03335871007847557,0.030649613328088677,1678123114.4337337
53.69045910254658,3.031981160566965,-2.1630895138454975,0.9986292570661531,0.02886950572037736,0.031803356256175475,0.029911621517512175,1678123114.5359604
53.84100594660953,3.1046676264906883,-2.174085749771562,0.998718310553686,0.025154395899570175,0.03192670170882084,0.03016087282747455,1678123114.6359758
53.9836277554806,3.0984301069598934,-2.2126861378110934,0.9987536918905683,0.024267307498308226,0.031538333801751195,0.03012464477386798,1678123114.733728
54.10619113483253,3.0663609803203826,-2.227390806560337,0.9987239628829249,0.026188371267777722,0.030979619555025817,0.030081195887005623,1678123114.8336084
54.280795369271715,3.1093012871648087,-2.2129951851509393,0.9987214438234535,0.02542291820440586,0.03132461833417699,0.030461798426662794,1678123114.9333453
54.432118966967415,3.0937743077573954,-2.229456982395041,0.9987166474088971,0.024955461791534014,0.03220168920363853,0.03008877411156689,1678123115.0333462
54.53685491268879,3.1156421437801445,-2.2565359958238154,0.9986311002174045,0.026869366023916975,0.03162583501296723,0.031839745724184174,1678123115.1326144
54.68098623400422,3.1192351632300115,-2.265269438173206,0.9984849244052056,0.02984388154879809,0.034014309223595274,0.031308548955101614,1678123115.2322185
54.80930350225274,3.1308995364563073,-2.2489598251348295,0.9984543352269195,0.030388667272763382,0.033086062631929036,0.03272280286699285,1678123115.33284
54.97546959719834,3.176989356481055,-2.242261505530699,0.9985436231538755,0.026742185995224453,0.03305940091287063,0.03320488154187491,1678123115.4323351
55.09550387108142,3.2104217206838976,-2.258107775339773,0.9986805468484965,0.02144415646956524,0.03393427247131864,0.03202777937257573,1678123115.5330987
55.2772078813842,3.2336565297023467,-2.2858901820225146,0.9986320793467789,0.01902501353670306,0.036879311604788856,0.03181093106173227,1678123115.6326914
55.41955682451808,3.2496401089439018,-2.3138530189125786,0.9986219071884167,0.020334460674159196,0.03618677620150923,0.03211406888891879,1678123115.7330935
55.583074204787614,3.224961135653557,-2.3221114947713755,0.9986124567605359,0.023070645216894697,0.0350954784184242,0.03176812752657801,1678123115.8329482
55.72416988061111,3.1988016976712808,-2.3189499466676553,0.9985682292295129,0.025355164415283106,0.035060180943925046,0.03145458508847691,1678123115.932371
55.84204905969418,3.2555849521075912,-2.3397057787795803,0.9984944186929492,0.023425055901627745,0.036853101708714586,0.033196558398157903,1678123116.0334437
55.98123088673217,3.28441611629937,-2.3314099686282113,0.9986291592813219,0.021426515392975222,0.035729615273093596,0.03168755692115687,1678123116.1340797
56.13222923990213,3.247260100618254,-2.3515570353801887,0.9985907651216941,0.021983906873277503,0.03659978564469668,0.03152217224460971,1678123116.2331152
56.30408746197306,3.2739378087847006,-2.380307521951343,0.9985259415407197,0.021759646330683936,0.038019218403740895,0.03204685466238823,1678123116.3330865
56.39954383967227,3.2927067011004887,-2.365867144687607,0.9985418259034253,0.022791066636883316,0.03626545890097865,0.032857353723457466,1678123116.4323285
56.51593111998669,3.326955581090686,-2.3910153948350508,0.998622042246286,0.021661463602509392,0.034236597738745655,0.033356455293224466,1678123116.5330477
56.66077669242093,3.345807182669838,-2.3915309353343006,0.9986819583615815,0.020768870929200062,0.03332845652636629,0.03304866153073113,1678123116.6331873
56.8296504680217,3.3873920021656634,-2.4214241700583727,0.998658962079459,0.019220086358065706,0.03505511533470418,0.032893838748875304,1678123116.7330437
56.94217404258175,3.342911597585429,-2.4180076590593043,0.9987245174010942,0.019188177317038778,0.03300793678067482,0.033039798768824326,1678123116.8325465
57.093640508059636,3.3542241783789675,-2.4495015921433283,0.9987296829543578,0.019912919507023567,0.032522376884781656,0.03293616590253217,1678123116.9337306
57.27433306523793,3.343566242949971,-2.4743741189961326,0.9986084239553579,0.022959881371382076,0.03212196857227623,0.03496052899843547,1678123117.0327516
57.40815045687161,3.4050892165804525,-2.4298912777308566,0.9985131307759147,0.022001851290906673,0.03380564036107381,0.03666912717302795,1678123117.1331327
57.55396246982628,3.446665372052057,-2.4671208886272185,0.998426825218481,0.020731865098286898,0.03511736930915332,0.03848161673442984,1678123117.2336383
57.66689318578598,3.4151149511574075,-2.4912152545085546,0.9983866485434557,0.0224064953544788,0.034662575615579505,0.03899429224629918,1678123117.333591
57.847949385822815,3.452970097360646,-2.5114338722618896,0.9981395017159632,0.025674736630988543,0.03574203332001902,0.04220011928050032,1678123117.4334333
57.99326808524206,3.4335766153626586,-2.4733968354344347,0.9980959372682361,0.026389118175716497,0.03396009656812571,0.04421341755206561,1678123117.533079
58.12950668289937,3.477826258375284,-2.508191336518084,0.9980502290755433,0.02300008801815939,0.03613058945620873,0.045401725726665225,1678123117.633742
58.25432741287356,3.518429212503787,-2.5018867305822865,0.9980918463074043,0.020454837856318162,0.03492443714879956,0.046632066572139114,1678123117.734506
58.41250389189483,3.5341071728897986,-2.5096397715218606,0.9980279230455732,0.018123007934749212,0.03608527075332957,0.048059074475016575,1678123117.8328853
58.558008948134606,3.551044592905788,-2.5423570537878595,0.9979362842401469,0.01634443438085419,0.03727214798246559,0.04966708212198764,1678123117.9330933
58.66717526389197,3.582584880514084,-2.54150761121348,0.9979979704441726,0.015507766805644209,0.033076807511606576,0.05162833488361106,1678123118.0349808
58.86091052439436,3.6003782813823486,-2.5640615139805822,0.997757159005529,0.016536232034982327,0.036990953233606905,0.05328108540720017,1678123118.133007
58.95053928281932,3.562159696040041,-2.5908898128260094,0.9975789039802293,0.017879603363107358,0.035058335867026225,0.05733727586323913,1678123118.2350085
59.128144092767194,3.5946963765761706,-2.608010197574443,0.9973196718980221,0.019674337134894512,0.03645597860078709,0.06031048107736727,1678123118.3340192
59.21228212680398,3.595881980914499,-2.612331196823095,0.9972342025528016,0.02210043719336741,0.035541444187432325,0.06141922890928977,1678123118.4354317
59.41821424484796,3.6168143754979223,-2.616651478076191,0.9968168360172072,0.02447729216299836,0.03933637628414255,0.06488225567783297,1678123118.5351577
59.54122397252491,3.615566566206297,-2.608168187922191,0.9967497691982865,0.02367024026782816,0.03676988004548831,0.06765791343417475,1678123118.6343195
59.69430631685904,3.6774552178350253,-2.608223195275628,0.9966110821655662,0.022073537784331746,0.03636540991746495,0.07040359931137972,1678123118.736146
59.83665420682289,3.712703623388609,-2.6315006983107625,0.9964086786256786,0.02015762066341769,0.03804346909097278,0.07291165852003882,1678123118.8346884
60.007047281655964,3.738640828432676,-2.667611708749429,0.996209360711317,0.02091401384619225,0.03878194843718241,0.07500316080943349,1678123118.935673
60.092114143120895,3.758326229635869,-2.6662953800784734,0.9958640068584709,0.022811544742993416,0.03715873541776571,0.07971036101023746,1678123119.0351992
60.25747270369503,3.7995314155290965,-2.6650188759485696,0.9959224953855875,0.01992811843993735,0.038729730006460295,0.07900165374227644,1678123119.1351604
60.36016119208503,3.813554764931257,-2.699481331940111,0.996014586751603,0.01990165231372066,0.04006516361315471,0.07715989811986859,1678123119.2365787
60.487100771348764,3.8253871846596983,-2.7003721368471965,0.9962446865700675,0.024836651815093185,0.040960094133853486,0.07212444728432933,1678123119.3362422
60.681727970398754,3.846187711518162,-2.711622972926349,0.9966150777226601,0.025314701257891127,0.043836948238350715,0.06477557197916761,1678123119.435874
60.848405339216605,3.8719272958857545,-2.721044952804031,0.9970596188393943,0.02421482279012193,0.043244860030027255,0.058443484821387746,1678123119.5345438
60.874573572997775,3.91584262635161,-2.701348102305318,0.9974025515580374,0.02419962533235166,0.04178564184022737,0.0534461262889143,1678123119.635229
61.038007127631275,3.951544030479524,-2.745674414072357,0.9979352316974,0.020687059542317945,0.04232271905519258,0.04365897795785144,1678123119.7350936
61.20102674814968,4.021011675182952,-2.754486309611236,0.9983771574663582,0.018649120090693957,0.04174407914530687,0.03395134202866968,1678123119.8339794
61.29005492322855,4.007661821920542,-2.749438265369888,0.9988134128812579,0.017557871932158183,0.03948362728149768,0.02246175768732955,1678123119.937472
61.430779011543095,4.026593268017176,-2.779483702551848,0.9990514113610117,0.016425704629565833,0.03875320887750611,0.011165235630691666,1678123120.0374725
61.61722638584797,4.0249809789799595,-2.8132980745666076,0.9989887221853022,0.01768152130267444,0.041338174447976495,-0.00022821986936421087,1678123120.13631
61.68686859272651,4.065906460985069,-2.8849353062355205,0.9986998378033769,0.026816648796071388,0.04180641283509956,-0.011477158390404463,1678123120.2361355
61.86291783505442,3.9646944157060053,-2.893210966912187,0.9982314836256098,0.038233203027709516,0.036647655858588646,-0.0270014185724836,1678123120.3360355
62.02584238395254,3.942496063825928,-2.791617812328121,0.9975726671260641,0.04032408257480696,0.038314978022101265,-0.04188919462888827,1678123120.4356875
62.09531474921488,4.0386600674801185,-2.745157548406008,0.9970464702155455,0.027122614906197825,0.041090673235322894,-0.05894282453733333,1678123120.5366802
62.201787144502276,4.150615939283971,-2.7842088845653854,0.9956843596934598,0.011674419386053918,0.03991000916015597,-0.08296719208614574,1678123120.63614
62.396636412842874,4.166456048785684,-2.85522194922565,0.9934964361982618,0.0025877909985252,0.04322645255606361,-0.10530720962270218,1678123120.7351856
62.597703845257286,4.098417016334371,-2.887643813121622,0.9908001767680042,0.002981222981445105,0.04396563034083023,-0.1279575920950374,1678123120.8351758
62.69503637260707,4.090967732336814,-2.9336583836911005,0.9880311094243324,0.0061200092121520624,0.04414207395752068,-0.147677180375627,1678123120.9354568
62.84046790249307,4.089086636646625,-2.91181577124258,0.9850488644789077,0.01120592880122089,0.045990065650069134,-0.1656444252307299,1678123121.0345323
62.98905324704456,4.079165546114959,-2.8876447282635085,0.9815522981181464,0.007633802767038576,0.044470403280455484,-0.18579341846893696,1678123121.1356523
63.132232912946954,3.981426808727897,-2.8697332293038635,0.9773326033624754,8.567906067963833e-05,0.0422114425374569,-0.20745883732136428,1678123121.2358754
63.299697397120134,3.9704201315601786,-2.9423743895776844,0.9725338098823636,-0.004089166205869094,0.04761863054851112,-0.22780196087856647,1678123121.335685
63.38173412611466,3.950315764225855,-2.976424456450235,0.9676412324578606,-0.004524607606787034,0.04481650965633077,-0.24827696960382983,1678123121.4353747
63.529331122393046,3.92287731330811,-2.9805345794961404,0.9626908892964355,-0.004461752503005173,0.04548498315298555,-0.2667160676408764,1678123121.536433
63.687092075131304,3.880448683268026,-3.0099188997830075,0.9571044481494497,-0.0035925130944630805,0.04793013038840721,-0.28572866811566844,1678123121.6372032
63.80977167035377,3.8176776120132696,-3.0287511314550164,0.951133447728262,-0.004223342644804338,0.045406904988589236,-0.3053940748750896,1678123121.7361598
63.93086615447177,3.7295839763845273,-3.0060331649052974,0.945006142344485,-0.0030930371298499,0.0441857679497768,-0.3240392599102728,1678123121.8362205
64.02855935953393,3.6859642530860737,-3.044392357812771,0.9381044586523097,-0.00582455184509069,0.04223323482324581,-0.34371856675021933,1678123121.9354274
64.1689009976079,3.595390094748371,-3.0281138015587437,0.9300944335644024,-0.008316942271214012,0.03923847990813145,-0.36512397184828926,1678123122.034585
64.29713939153191,3.481320085804773,-3.051825782633675,0.9216579222964777,-0.010378100984725512,0.043305428868444906,-0.3854395012432047,1678123122.135203
64.42256525225827,3.418330028594902,-3.0692244150611527,0.9124793326627398,-0.013068494687090374,0.04203718127490785,-0.40674753508833295,1678123122.2339802
64.52658837983455,3.400872411080161,-3.1112334215504296,0.90296709914574,-0.015874579647224628,0.041565099395836635,-0.427399997769731,1678123122.334236
64.67320724521673,3.279960905371693,-3.122381878998058,0.8933837821675109,-0.014426036191530756,0.040848990399844465,-0.44720092489080027,1678123122.434531
64.77828585212967,3.1976483938938842,-3.130412018697318,0.8830556718073517,-0.015936155842654173,0.0391579961180325,-0.4673600012472666,1678123122.5338044
64.88436449319656,3.052270783387476,-3.1238249445246766,0.8729230032638262,-0.017588720016162202,0.03777460559839152,-0.486075247747652,1678123122.6333003
64.95631432193592,3.02893280185078,-3.122273438909949,0.8619998841888247,-0.020361932230021727,0.039524322217452945,-0.5049548686046745,1678123122.7331347
65.05370639834429,2.8606091076885685,-3.1326569341990638,0.8502094391070641,-0.02500925901435433,0.039585625546883496,-0.52435810746747,1678123122.8334172
65.17524163125918,2.706377656618106,-3.168816024849733,0.8394817581044378,-0.02601452649917051,0.04248298053618105,-0.5410996383159654,1678123122.9334676
65.25271506754794,2.5466930021008527,-3.1951503781625767,0.8290292319580627,-0.02757025675943545,0.03954116197754354,-0.55712378338275,1678123123.0334842
65.37688481521894,2.403884003583512,-3.190038350030598,0.8209654061793153,-0.02994365767530529,0.038944787141033554,-0.568860688373169,1678123123.1337688
65.4087701895101,2.262940977992681,-3.2119407195913614,0.8128354818796134,-0.03050672579926314,0.03661465203927905,-0.5805404260984656,1678123123.2362971
65.48187339425728,2.1283736820309183,-3.1960287994111525,0.8090219076298527,-0.031987696449715504,0.03793947706465861,-0.5856798923736883,1678123123.333756
65.53804148654827,2.015580797095014,-3.229009092446768,0.8049274066752247,-0.0317216440999333,0.037638689203955855,-0.591328112263998,1678123123.4334512
65.59439625773548,1.8494969691561263,-3.2636265504608297,0.8020844992711977,-0.029813633549361833,0.03826272151758714,-0.5952374042560863,1678123123.533735
65.62684750053225,1.626280002172261,-3.2435068086062975,0.8005940980802388,-0.023722113439051423,0.03361881367946684,-0.5977927122505414,1678123123.6337202
65.6395343509136,1.5323872269704153,-3.2475469609338354,0.8009536623615989,-0.026065941922851034,0.028256480402336637,-0.5974908942707728,1678123123.733791
65.68748567710624,1.4342261383659587,-3.210084423566607,0.799632866651871,-0.02742340030507446,0.03307673494682406,-0.5989500524176254,1678123123.8341606
65.75905905886823,1.2937803465546271,-3.2297279101941876,0.7961388866894177,-0.031032542408552938,0.034022084959670074,-0.6033592231395767,1678123123.933337
65.85700114592169,1.131011190173412,-3.241014927664706,0.7950900899855635,-0.03064131120544058,0.03861504630676782,-0.6044846871948745,1678123124.034255
65.8951266489786,1.0102550129277144,-3.230594715807234,0.7936070037308837,-0.0368144410745454,0.0339610265181145,-0.6063656233952374,1678123124.1337063
65.94879676901684,0.8837981319381566,-3.2575308161506373,0.791588069084646,-0.037690508602998885,0.03714246868279647,-0.608759551435734,1678123124.233781
65.96752928715595,0.7407935229260649,-3.324974439408408,0.7903238475518848,-0.03587503076982691,0.03352149629258194,-0.6107188448413525,1678123124.3342607
65.97068847646564,0.5614143833396671,-3.2848581356565334,0.7902930433082884,-0.031579463142869996,0.030704498422489457,-0.611143908570441,1678123124.4345052
65.99589639982078,0.49756119439146296,-3.250462442529969,0.788731568816111,-0.031586406539608945,0.03006891776741827,-0.6131889361845065,1678123124.5348265
66.06049043691793,0.3186122757255381,-3.2765026980756415,0.7860324876794795,-0.03393677502254962,0.035028222249455454,-0.6162582634411655,1678123124.635084
66.12597028609154,0.21349804557578567,-3.291230666429457,0.785795548900102,-0.034439387888713355,0.03707749071776045,-0.6164126406659041,1678123124.7348568
66.15506861724776,0.0641578689063727,-3.2879850560989694,0.7840179703297528,-0.034848316726966456,0.03807137357904333,-0.618588706278345,1678123124.8350172
66.20175115315708,-0.10435213281197708,-3.2962906916891495,0.7825152667498702,-0.03294053261813599,0.039295710309086185,-0.6205164186107549,1678123124.9344072
66.19204498661982,-0.254020120920708,-3.288972815798511,0.7813485526265269,-0.029121068709598595,0.04022589753332595,-0.6221159697622948,1678123125.0341513
66.26245303195877,-0.39265581629485935,-3.295053068061062,0.7801609517013217,-0.027767160786172865,0.039852803648743995,-0.6236903304234384,1678123125.1339452
66.31084882791296,-0.5196112895079109,-3.2752608288934293,0.7790653277609972,-0.029659031813133185,0.041257210200801864,-0.6248803081542925,1678123125.2339296
66.33763318509605,-0.6203006789090645,-3.315333420073546,0.7774072281431579,-0.029991818991709655,0.04167633059429743,-0.6268983776438849,1678123125.335573
66.36490028942478,-0.7711882749383532,-3.329157445440574,0.7761010438059441,-0.025039118964351972,0.0429718292117961,-0.6286442827378652,1678123125.436267
66.38440384721112,-0.9107947992634051,-3.2774919909930427,0.7750889670901605,-0.025894482756596327,0.03880276602141575,-0.6301276967464327,1678123125.5350912
66.44817822236845,-1.0378278512262724,-3.275899699450311,0.7733441428352661,-0.030465709157755497,0.040654575361570466,-0.6319476899317485,1678123125.6350756
66.4825979479498,-1.195047276378002,-3.297014614907961,0.7699097146274202,-0.03259174520363789,0.04301230794712996,-0.6358669285565709,1678123125.7350729
66.53252156309931,-1.3193655798928778,-3.3655264378239305,0.7676797918083252,-0.03606230153447996,0.039583681994382114,-0.6385924989983282,1678123125.8352797
66.56611211813627,-1.4595454241708659,-3.3560180175785645,0.7667106358615381,-0.034547576659179076,0.035358494746227875,-0.6400867461938696,1678123125.9371157
66.61086981742373,-1.6137640333794177,-3.34280778801915,0.7656979667596625,-0.03530092658836466,0.03638077815403162,-0.6411995845780224,1678123126.035098
66.63944890860554,-1.755213467430101,-3.3528737072273214,0.7654893160349476,-0.035880611465507216,0.03823613275958382,-0.6413085738619138,1678123126.1351106
66.65539641905517,-1.9275703021995774,-3.3412292526951055,0.7654947323748313,-0.03658663709349419,0.03942814422872698,-0.6411900296598918,1678123126.2350843
66.65028407149678,-2.0584288781677236,-3.38627208051399,0.7652968377785808,-0.03325587953606599,0.03938264948545722,-0.6416103205855512,1678123126.3351374
66.690910291748,-2.1955517726210796,-3.4053305427127447,0.7656143539173572,-0.031271976088695336,0.03629259575894728,-0.6415135010896442,1678123126.4358888
66.69182978894277,-2.326020878797521,-3.3873878217290394,0.7674179962925427,-0.027960257324313283,0.033423358985630314,-0.6396645386847818,1678123126.535654
66.70286054504572,-2.4490666538931496,-3.396304219593786,0.7678782460784981,-0.025730243500776028,0.029228413153727817,-0.6394111772821265,1678123126.6353369
66.75007882535401,-2.5607918690026463,-3.3648278977917707,0.7686673547173353,-0.024499992829601674,0.02806714221562201,-0.6385628267218912,1678123126.7354977
66.78210907802564,-2.7199688429006605,-3.3475300696120254,0.7685428187306623,-0.025561278517525196,0.029397033649455118,-0.6386112833568556,1678123126.835575
66.80761555269903,-2.869736622963889,-3.3421001142578697,0.7677289871922951,-0.029508424521841343,0.030827270990368527,-0.6393521208772347,1678123126.9355154
66.8680000387438,-3.0000329755555497,-3.3529571232511275,0.7669067169686257,-0.03395257070283903,0.0335823091887153,-0.6399793269478528,1678123127.0352745
66.89774848407995,-3.0936177769297584,-3.3883319891512134,0.7658535022474152,-0.03839177308666059,0.03645041233846957,-0.640832156102506,1678123127.1352208
66.96382754864456,-3.2529373324205086,-3.3981293584822083,0.7647852345923862,-0.03878170916828445,0.03611322719849941,-0.6421022962151475,1678123127.23641
66.99827097304582,-3.344510548179547,-3.4161834874240364,0.7620331948679208,-0.038479455814475136,0.034480374044302486,-0.6454733497251274,1678123127.3356206
67.01294313566898,-3.509504026721784,-3.39098778245358,0.758808453715394,-0.038343739437681636,0.03758646886815775,-0.6490968691759427,1678123127.435557
67.04424148213354,-3.645284576551104,-3.4302248152185966,0.7549654407444932,-0.03644831321069839,0.0411810569282649,-0.6534545311617628,1678123127.535785
67.03616281679138,-3.769100393953727,-3.4299295836228323,0.7503170386608892,-0.03338871165553756,0.04578419721036564,-0.6586450809919855,1678123127.6357267
67.11626679949673,-3.9728817752142587,-3.3908726523984454,0.7431910719619961,-0.031042550484618577,0.04923471068830476,-0.6665428222393731,1678123127.7353113
67.1580714257427,-4.132790692657482,-3.3693088237267785,0.7352241022019648,-0.03061099838163288,0.049367200434804914,-0.6753305604225417,1678123127.835514
67.17964322611118,-4.228122502052932,-3.3855462612388636,0.7278539785464436,-0.03136806885417887,0.05216776522054756,-0.6830250027944558,1678123127.9358149
67.17369940974113,-4.372304444552235,-3.3940186146615448,0.7174536731395195,-0.03250091820949398,0.056773343301283585,-0.6935277245392181,1678123128.036353
67.19426879069285,-4.546836948051594,-3.441510306945195,0.7064421802909064,-0.025808055592466038,0.06261662492330355,-0.7045229225905861,1678123128.1367357
67.1909593150324,-4.66807670827121,-3.4091748549130356,0.6952354988755334,-0.029185290757519355,0.05336893338733484,-0.7162035861790872,1678123128.2361186
67.22768716471106,-4.779953459430879,-3.384436065138332,0.6820719876186486,-0.0300648538490947,0.05396394562081952,-0.7286712570439511,1678123128.3365622
67.27079514686524,-4.9544544708567955,-3.3941941496492705,0.666396586393425,-0.03617947804070297,0.05321140592639395,-0.7428157115269102,1678123128.436675
67.28099527806083,-5.050622726094577,-3.43347674533407,0.6506525481782807,-0.04080380347751484,0.05473144828626553,-0.7563007204408619,1678123128.536449
67.26762287776762,-5.108161972673942,-3.4845611988495335,0.6338697622647345,-0.04834002359207227,0.04640340659304554,-0.7705316933534453,1678123128.637454
67.22955051664702,-5.270842972111551,-3.483283266729212,0.6160778960659133,-0.04673339266982561,0.043923993144060924,-0.7850698687472637,1678123128.737977
67.24096569554932,-5.4314859236481325,-3.4620209393750656,0.5974328800335479,-0.049071779053883796,0.04018459796721219,-0.7994067252916507,1678123128.8371525
67.29319145313676,-5.543160063066448,-3.43328802738177,0.5761436738762051,-0.055955788788785626,0.041852683656827705,-0.814356045979997,1678123128.937817
67.23509197822895,-5.76308576880033,-3.5428105695971155,0.5542532428572899,-0.05407248727103333,0.04342506784719746,-0.8294539000963034,1678123129.0366404
67.21315754175198,-5.833990111380384,-3.536734022104066,0.5325543356419024,-0.052509269210276696,0.03714040447378941,-0.8439486042357905,1678123129.137586
67.20288314897618,-5.948885098073897,-3.5396619416724056,0.5089620433304306,-0.04997391372606229,0.03304786472896748,-0.8587013945677906,1678123129.2375383
67.16945806531702,-6.03136044711246,-3.535292378640135,0.48488304038592017,-0.047969043432919384,0.02380589274975986,-0.8729379631386323,1678123129.3376892
